<Customization level="0" description="" product-version="19.103">
    <Graph ClassName="AcumaticaTables" Source="#CDATA" IsNew="True" FileType="NewDac">
        <CDATA name="Source"><![CDATA[using PX.Data;
using System;
using System.Collections.Generic;
using System.Linq;
using System.Text;
using System.Threading.Tasks;

namespace TableSchemaReader
{
  [Serializable]
  public class AcumaticaTables : IBqlTable
  {

    [PXDBString(50, IsUnicode = true, InputMask = "")]
    [PXUIField(DisplayName = "Tabel Catalog")]
    public string TABLECATALOG { get; set; }

    [PXDBString(50, IsFixed = true, InputMask = "")]
    [PXUIField(DisplayName = "Table Schema")]
    public string TABLESCHEMA { get; set; }

    [PXDBString(50, IsUnicode = true, InputMask = "")]
    [PXUIField(DisplayName = "Choose table")]
    [PXDefault(TypeCode.String, "SOOrder")]
    [PXSelector(typeof(AcumaticaTables.tableName), DescriptionField = typeof(AcumaticaTables.tableName))]
    public string TABLENAME
    {
      get
      {
        return this._TABLENAME;
      }
      set
      {
        this._TABLENAME = value;
      }
    }

    [PXDBString(50, IsUnicode = true, InputMask = "")]
    [PXUIField(DisplayName = "Table Type")]
    public string TABLETYPE { get; set; }

    private string _TABLENAME;

    public abstract class tableCatalog : IBqlField, IBqlOperand
    {
    }

    public abstract class tableSchema : IBqlField, IBqlOperand
    {
    }

    public abstract class tableName : IBqlField, IBqlOperand
    {
    }

    public abstract class tableType : IBqlField, IBqlOperand
    {
    }
  }
}]]></CDATA>
    </Graph>
    <Graph ClassName="AcumaticaTablesMaint" Source="#CDATA" IsNew="True" FileType="NewGraph">
        <CDATA name="Source"><![CDATA[using System;
using System.Collections;
using System.Collections.Generic;
using System.Linq;
using System.Reflection;
using PX.Data;

namespace TableSchemaReader
{
  public class AcumaticaTablesMaint : PXGraph<AcumaticaTablesMaint>
  {
    // Token: 0x06000001 RID: 1 RVA: 0x00002050 File Offset: 0x00000250
    protected virtual void AcumaticaTables_TABLENAME_FieldUpdated(PXCache cache, PXFieldUpdatedEventArgs e)
    {
      bool flag = e.Row == null;
      if (flag)
      {
        this.GetAllFields("SOOrder");
      }
      else
      {
        AcumaticaTables acumaticaTables = e.Row as AcumaticaTables;
        this.GetAllFields(acumaticaTables.TABLENAME);
      }
    }

    // Token: 0x06000002 RID: 2 RVA: 0x00002098 File Offset: 0x00000298
    public List<TableSchemaFields> GetAllFields(string nameTable)
    {
      foreach (Assembly assembly in AppDomain.CurrentDomain.GetAssemblies())
      {
        try
        {
          Assembly assembly2 = Assembly.LoadFile(assembly.Location);
          bool flag = assembly.ManifestModule.ToString() != "DotNetOpenAuth.Core.dll";
          if (flag)
          {
            foreach (Type type in from x in assembly2.GetTypes()
                        where typeof(IBqlTable).IsAssignableFrom(x) && !x.IsInterface
                        select x)
            {
              this.allDacClaseesNames.Add(type.Name);
              bool flag2 = type.Name == nameTable;
              if (flag2)
              {
                List<PropertyInfo> list = AcumaticaTablesMaint.GetAllProperties(type).ToList<PropertyInfo>();
                for (int j = 0; j < list.Count; j++)
                {
                  TableSchemaFields tableSchemaFields = new TableSchemaFields();
                  tableSchemaFields.Name = list[j].Name;
                  tableSchemaFields.DataType = list[j].PropertyType.ToString();
                  foreach (CustomAttributeData customAttributeData in list[j].CustomAttributes)
                  {
                    for (int k = 0; k < customAttributeData.ConstructorArguments.Count; k++)
                    {
                      bool flag3 = customAttributeData.ConstructorArguments.Count > 0 && customAttributeData.ConstructorArguments[k].ArgumentType.ToString() == "System.Int32";
                      if (flag3)
                      {
                        tableSchemaFields.DataLengthDefaultValue = customAttributeData.ConstructorArguments[0].Value.ToString();
                      }
                    }
                    for (int l = 0; l < customAttributeData.NamedArguments.Count<CustomAttributeNamedArgument>(); l++)
                    {
                      bool flag4 = customAttributeData.NamedArguments.Count > 0 && customAttributeData.NamedArguments[l].MemberName == "IsKey";
                      if (flag4)
                      {
                        tableSchemaFields.ISKey = true;
                      }
                      bool flag5 = customAttributeData.NamedArguments.Count > 0 && customAttributeData.NamedArguments[l].MemberName == "DisplayName";
                      if (flag5)
                      {
                        tableSchemaFields.DisplayName = customAttributeData.NamedArguments[l].TypedValue.Value.ToString();
                      }
                    }
                  }
                  bool flag6 = this.allFieldsNames.Any((TableSchemaFields item) => item.Name == tableSchemaFields.Name);
                  bool flag7 = !flag6;
                  if (flag7)
                  {
                    this.allFieldsNames.Add(tableSchemaFields);
                  }
                }
              }
            }
          }
        }
        catch (Exception ex)
        {
          this.notLoadedDlls.Add(assembly.FullName);
        }
      }
      return this.allFieldsNames;
    }

    public static IEnumerable<PropertyInfo> GetAllProperties(Type type)
    {
      bool flag = type == null;
      IEnumerable<PropertyInfo> result;
      if (flag)
      {
        result = Enumerable.Empty<PropertyInfo>();
      }
      else
      {
        BindingFlags bindingAttr = BindingFlags.DeclaredOnly | BindingFlags.Instance | BindingFlags.Static | BindingFlags.Public | BindingFlags.NonPublic;
        result = type.GetProperties(bindingAttr).Union(AcumaticaTablesMaint.GetAllProperties(type.BaseType));
      }
      
      return result;
    }

    protected virtual IEnumerable acumaticaTablesFieldsView()
    {
      AcumaticaTables acumaticaTables = (AcumaticaTables)GraphHelper.Caches<AcumaticaTables>(this).Current;
      return this.GetAllFields(acumaticaTables.TABLENAME);
    }

    public PXFilter<AcumaticaTables> AcumaticaTablesView;

    public PXSelect<TableSchemaFields> AcumaticaTablesFieldsView;

    public List<string> allDacClaseesNames = new List<string>();

    public List<TableSchemaFields> allFieldsNames = new List<TableSchemaFields>();

    public List<string> notLoadedDlls = new List<string>();


        [PXVirtualDAC]
        public PXSelect<AllColumns> PanelTables;

        public IEnumerable panelTables()
        {
      List<AllColumns> tablesList = new List<AllColumns>();

            var curr = AcumaticaTablesFieldsView.Current;
            if (curr == null) return tablesList;

      var results = PXSelectReadonly<AllColumns,
        Where<AllColumns.myColumn, Equal<Required<AllColumns.myColumn>>>>.Select(this, curr.Name);

      return results;
        }


        public PXAction<TableSchemaFields> GetTables;
        [PXButton(CommitChanges = true)]
        [PXUIField(DisplayName = "Get Tables", MapEnableRights = PXCacheRights.Select, Enabled = false, Visible = true)]
        public virtual IEnumerable getTables(PXAdapter adapter)
        {

            this.PanelTables.Cache.Clear();
            this.PanelTables.Cache.ClearQueryCache();

      WebDialogResult result = this.PanelTables.AskExt();

            return adapter.Get();
        }

  }
}]]></CDATA>
    </Graph>
    <Graph ClassName="AllColumns" Source="#CDATA" IsNew="True" FileType="NewDac">
        <CDATA name="Source"><![CDATA[using System;
using PX.Data;

namespace TableSchemaReader
{
    [Serializable]
    public class AllColumns : IBqlTable
    {
        #region Schema
        [PXDBString(128, IsUnicode = true, InputMask = "")]
        [PXUIField(DisplayName = "Schema")]
        public virtual string Schema { get; set; }
        public abstract class schema : PX.Data.BQL.BqlString.Field<schema> { }
        #endregion

        #region Table
        [PXDBString(128, IsUnicode = true, InputMask = "")]
        [PXUIField(DisplayName = "Table")]
        public virtual string MyTable { get; set; }
        public abstract class myTable : PX.Data.BQL.BqlString.Field<myTable> { }
        #endregion

        #region Column
        [PXDBString(128, IsUnicode = true, InputMask = "")]
        [PXUIField(DisplayName = "Column")]
        public virtual string MyColumn { get; set; }
        public abstract class myColumn : PX.Data.BQL.BqlString.Field<myColumn> { }
        #endregion

        #region Data Type
        [PXDBString(128, IsUnicode = true, InputMask = "")]
        [PXUIField(DisplayName = "Data Type")]
        public virtual string DataType { get; set; }
        public abstract class dataType : PX.Data.BQL.BqlString.Field<dataType> { }
        #endregion

        #region Length
        [PXDBShort()]
        [PXUIField(DisplayName = "Length")]
        public virtual short? Length { get; set; }
        public abstract class length : PX.Data.BQL.BqlShort.Field<length> { }
        #endregion

        #region MaxLength
        [PXDBShort()]
        [PXUIField(DisplayName = "Max Length")]
        public virtual short? MaxLength { get; set; }
        public abstract class maxLength : PX.Data.BQL.BqlShort.Field<maxLength> { }
        #endregion

        #region IsId
        [PXDBBool()]
        [PXUIField(DisplayName = "Is id")]
        public virtual bool? IsId { get; set; }
        public abstract class isId : PX.Data.BQL.BqlBool.Field<isId> { }
        #endregion

        #region IsNullable
        [PXDBBool()]
        [PXUIField(DisplayName = "Is Nullable")]
        public virtual bool? IsNullable { get; set; }
        public abstract class isNullable : PX.Data.BQL.BqlBool.Field<isNullable> { }
        #endregion

        #region IsComputed
        [PXDBBool()]
        [PXUIField(DisplayName = "Is Computed")]
        public virtual bool? IsComputed { get; set; }
        public abstract class isComputed : PX.Data.BQL.BqlBool.Field<isComputed> { }
        #endregion

        #region IsUserDefined
        [PXDBBool()]
        [PXUIField(DisplayName = "Is User Defined")]
        public virtual bool? IsUserDefined { get; set; }
        public abstract class isUserDefined : PX.Data.BQL.BqlBool.Field<isUserDefined> { }
        #endregion

        #region DateModified
        [PXDBDate()]
        [PXUIField(DisplayName = "Date Modified")]
        public virtual DateTime? DateModified { get; set; }
        public abstract class dateModified : PX.Data.BQL.BqlDateTime.Field<dateModified> { }
        #endregion

        #region DateCreated
        [PXDBDate()]
        [PXUIField(DisplayName = "Date created")]
        public virtual DateTime? DateCreated { get; set; }
        public abstract class dateCreated : PX.Data.BQL.BqlDateTime.Field<dateCreated> { }
        #endregion
      }
}]]></CDATA>
    </Graph>
    <Graph ClassName="TableSchemaFields" Source="#CDATA" IsNew="True" FileType="NewDac">
        <CDATA name="Source"><![CDATA[using PX.Data;
using System;
using System.Collections.Generic;
using System.Linq;
using System.Text;
using System.Threading.Tasks;

namespace TableSchemaReader
{
  [Serializable]
  public class TableSchemaFields : IBqlTable
  {
    [PXBool]
    [PXUIField(DisplayName = "Is Key")]
    public bool ISKey { get; set; }


    [PXString(255, IsUnicode = true, InputMask = "", IsKey = true)]
    [PXUIField(DisplayName = "Field Name")]
    public string Name { get; set; }

    [PXString(50, IsUnicode = true, InputMask = "")]
    [PXUIField(DisplayName = "Display name")]
    public string DisplayName { get; set; }

    [PXString(255, IsUnicode = true, InputMask = "")]
    [PXUIField(DisplayName = "Data Lengh")]
    public string DataLengthDefaultValue { get; set; }

    [PXString(255, IsUnicode = true, InputMask = "")]
    [PXUIField(DisplayName = "Data Type")]
    public string DataType { get; set; }

    public class iSkey : IBqlField, IBqlOperand
    {
    }

    public class nAme : IBqlField, IBqlOperand
    {
    }

    public class dIsplayName : IBqlField, IBqlOperand
    {
    }

    public class dAtaLengthDefaultValue : IBqlField, IBqlOperand
    {
    }

    public class dAtaType : IBqlField, IBqlOperand
    {
    }
  }
}]]></CDATA>
    </Graph>
    <File AppRelativePath="Pages\AT\AT102000.aspx" />
    <File AppRelativePath="Pages\AT\AT102000.aspx.cs" />
    <SiteMapNode>
        <data-set>
            <relations format-version="3" relations-version="20160101" main-table="SiteMap">
                <link from="MUIScreen (NodeID)" to="SiteMap (NodeID)" />
                <link from="MUIWorkspace (WorkspaceID)" to="MUIScreen (WorkspaceID)" type="FromMaster" linkname="workspaceToScreen" split-location="yes" updateable="True" />
                <link from="MUISubcategory (SubcategoryID)" to="MUIScreen (SubcategoryID)" type="FromMaster" updateable="True" />
                <link from="MUITile (ScreenID)" to="SiteMap (ScreenID)" />
                <link from="MUIWorkspace (WorkspaceID)" to="MUITile (WorkspaceID)" type="FromMaster" linkname="workspaceToTile" split-location="yes" updateable="True" />
                <link from="MUIArea (AreaID)" to="MUIWorkspace (AreaID)" type="FromMaster" updateable="True" />
                <link from="MUIPinnedScreen (NodeID, WorkspaceID)" to="MUIScreen (NodeID, WorkspaceID)" type="WeakIfEmpty" isEmpty="Username" />
                <link from="MUIFavoriteWorkspace (WorkspaceID)" to="MUIWorkspace (WorkspaceID)" type="WeakIfEmpty" isEmpty="Username" />
            </relations>
            <layout>
                <table name="SiteMap">
                    <table name="MUIScreen" uplink="(NodeID) = (NodeID)">
                        <table name="MUIPinnedScreen" uplink="(NodeID, WorkspaceID) = (NodeID, WorkspaceID)" />
                    </table>
                    <table name="MUITile" uplink="(ScreenID) = (ScreenID)" />
                </table>
                <table name="MUIWorkspace">
                    <table name="MUIFavoriteWorkspace" uplink="(WorkspaceID) = (WorkspaceID)" />
                </table>
                <table name="MUISubcategory" />
                <table name="MUIArea" />
            </layout>
            <data>
                <SiteMap>
                    <row Position="942" Title="Acumatica tables" Url="~/Pages/AT/AT102000.aspx" Expanded="0" IsFolder="0" ScreenID="AT102000" NodeID="c145a42e-fc50-4514-81ad-ed09d219d714" ParentID="9c5b881e-c3ca-47b3-bf8b-5389fa130aea" />
                </SiteMap>
            </data>
        </data-set>
    </SiteMapNode>
    <Sql TableName="AllColumnsView" CustomScript="#CDATA">
        <CDATA name="CustomScript"><![CDATA[create view AllColumns AS
 select  
        s.[name]            'Schema',
        t.[name]            'MyTable',
        c.[name]            'MyColumn',
        d.[name]            'DataType',
        c.[max_length]      'Length',
        d.[max_length]      'MaxLength',
        d.[precision]       'Precision',
        c.[is_identity]     'IsId',
        c.[is_nullable]     'IsNullable',
        c.[is_computed]     'IsComputed',
        d.[is_user_defined] 'IsUserDefined',
        t.[modify_date]     'DateModified',
        t.[create_date]     'Datecreated'
from        sys.schemas s
inner join  sys.tables  t
	on s.schema_id = t.schema_id
inner join  sys.columns c
	on t.object_id = c.object_id
inner join  sys.types   d
	on c.user_type_id = d.user_type_id
	GO]]></CDATA>
    </Sql>
    <Sql TableName="CreateAcumaticaTablesView" CustomScript="#CDATA">
        <CDATA name="CustomScript"><![CDATA[IF OBJECT_ID('dbo.AcumaticaTables') IS NULL
BEGIN
	EXECUTE(' CREATE VIEW [AcumaticaTables] as
		select TABLE_CATALOG as TABLECATALOG, TABLE_SCHEMA as TABLESCHEMA, TABLE_NAME as TABLENAME, TABLE_TYPE as TABLETYPE
		from INFORMATION_SCHEMA.TABLES
	WHERE TABLE_TYPE=''BASE TABLE''')
END]]></CDATA>
    </Sql>
</Customization>